{
  "project_info": {
    "project_number": "493867567929",
    "firebase_url": "https://insta-clone-9aeac-default-rtdb.firebaseio.com",
    "project_id": "insta-clone-9aeac",
    "storage_bucket": "insta-clone-9aeac.appspot.com"
  },
  "client": [
    {
      "client_info": {
        "mobilesdk_app_id": "1:493867567929:android:c8bd569af18dc6f591b6e8",
        "android_client_info": {
          "package_name": "com.example.instaclone"
        }
      },
      "oauth_client": [],
      "api_key": [
        {
          "current_key": "AIzaSyB3Yltw_oIkvxWi0hmCs6HQodLVQzkFE8k"
        }
      ],
      "services": {
        "appinvite_service": {
          "other_platform_oauth_client": []
        }
      }
    }
  ],
  "configuration_version": "1"
}